{"mean": [27.76417777777778, 80319.05322222222, 5.410333333333333, 9583.157555555556, 11.006605777777779, 0.1397248888888889, 5.8674888888888885, 632.6087555555556], "scale": [6.045041043106283, 80421.60504361271, 6.0634647136215225, 6314.816524743712, 2.9787751821717214, 0.08721133898301228, 3.87965873712408, 50.435304599128905]}